{"cameraMode":{"drawMode":0,"name":"Shaded","section":"Shading Mode"},"sceneLighting":false,"audioPlay":false,"sceneViewState":{"showFog":true,"showMaterialUpdate":false,"showSkybox":false,"showFlares":true,"showImageEffects":true,"showParticleSystems":true},"in2DMode":false,"pivot":{"x":1.4199999570846558,"y":0.3999999761581421,"z":0.0},"rotation":{"x":-0.16731145977973939,"y":-0.6973170638084412,"z":0.17268936336040498,"w":-0.6753300428390503},"size":3.5439767837524416,"orthographic":false}