{"cameraMode":{"drawMode":0,"name":"Shaded","section":"Shading Mode"},"sceneLighting":false,"audioPlay":false,"sceneViewState":{"showFog":true,"showMaterialUpdate":false,"showSkybox":false,"showFlares":true,"showImageEffects":true,"showParticleSystems":true},"in2DMode":false,"pivot":{"x":0.4236513674259186,"y":-0.031415391713380817,"z":-0.21325570344924928},"rotation":{"x":-0.20792225003242494,"y":0.5013570189476013,"z":-0.12552939355373383,"w":-0.8305555582046509},"size":7.810116291046143,"orthographic":false}