{"cameraMode":{"drawMode":0,"name":"Shaded","section":"Shading Mode"},"sceneLighting":false,"audioPlay":false,"sceneViewState":{"showFog":true,"showMaterialUpdate":false,"showSkybox":false,"showFlares":true,"showImageEffects":true,"showParticleSystems":true},"in2DMode":false,"pivot":{"x":0.7909679412841797,"y":-1.2706831693649293,"z":-0.19805338978767396},"rotation":{"x":0.12338081002235413,"y":0.8550121784210205,"z":-0.23737117648124696,"w":0.4443647861480713},"size":5.624383926391602,"orthographic":false}