{"cameraMode":{"drawMode":0,"name":"Shaded","section":"Shading Mode"},"sceneLighting":false,"audioPlay":false,"sceneViewState":{"showFog":true,"showMaterialUpdate":false,"showSkybox":false,"showFlares":true,"showImageEffects":true,"showParticleSystems":true},"in2DMode":false,"pivot":{"x":-0.29249104857444765,"y":0.8999943137168884,"z":-4.040681838989258},"rotation":{"x":-0.004888956900686026,"y":0.9949477314949036,"z":-0.08007741719484329,"w":-0.06096764653921127},"size":2.8465983867645265,"orthographic":false}