{"cameraMode":{"drawMode":0,"name":"Shaded","section":"Shading Mode"},"sceneLighting":true,"audioPlay":false,"sceneViewState":{"showFog":true,"showMaterialUpdate":false,"showSkybox":true,"showFlares":true,"showImageEffects":true,"showParticleSystems":true},"in2DMode":false,"pivot":{"x":-36.2147216796875,"y":1.193251609802246,"z":-16.87445831298828},"rotation":{"x":0.3924907147884369,"y":0.08808307349681854,"z":-0.0377933494746685,"w":0.914752721786499},"size":5.782536029815674,"orthographic":false}