{"cameraMode":{"drawMode":0,"name":"Shaded","section":"Shading Mode"},"sceneLighting":false,"audioPlay":false,"sceneViewState":{"showFog":true,"showMaterialUpdate":false,"showSkybox":false,"showFlares":true,"showImageEffects":true,"showParticleSystems":true},"in2DMode":false,"pivot":{"x":-4.378819465637207,"y":0.12000000476837158,"z":4.894295692443848},"rotation":{"x":-0.20792225003242494,"y":0.5013570189476013,"z":-0.12552939355373383,"w":-0.8305555582046509},"size":3.765566349029541,"orthographic":false}