{"cameraMode":{"drawMode":0,"name":"Shaded","section":"Shading Mode"},"sceneLighting":false,"audioPlay":false,"sceneViewState":{"showFog":true,"showMaterialUpdate":false,"showSkybox":false,"showFlares":true,"showImageEffects":true,"showParticleSystems":true},"in2DMode":false,"pivot":{"x":-0.40488681197166445,"y":0.8442292213439941,"z":-0.41758909821510317},"rotation":{"x":-0.10805580765008927,"y":0.7930564880371094,"z":-0.147427499294281,"w":-0.5811743140220642},"size":2.8578836917877199,"orthographic":false}