{"cameraMode":{"drawMode":0,"name":"Shaded","section":"Shading Mode"},"sceneLighting":false,"audioPlay":false,"sceneViewState":{"showFog":true,"showMaterialUpdate":false,"showSkybox":false,"showFlares":true,"showImageEffects":true,"showParticleSystems":true},"in2DMode":false,"pivot":{"x":7.851972579956055,"y":-12.48686408996582,"z":17.00950813293457},"rotation":{"x":-0.23083578050136567,"y":-0.18444620072841645,"z":0.04462582990527153,"w":-0.9544025659561157},"size":35.55186080932617,"orthographic":false}