{"cameraMode":{"drawMode":0,"name":"Shaded","section":"Shading Mode"},"sceneLighting":false,"audioPlay":false,"sceneViewState":{"showFog":true,"showMaterialUpdate":false,"showSkybox":false,"showFlares":true,"showImageEffects":true,"showParticleSystems":true},"in2DMode":false,"pivot":{"x":-0.8414890766143799,"y":-0.16807790100574494,"z":-1.2460615634918213},"rotation":{"x":0.04174969345331192,"y":-0.9172719120979309,"z":0.09991651773452759,"w":0.3832799196243286},"size":3.7578837871551515,"orthographic":false}