{"cameraMode":{"drawMode":0,"name":"Shaded","section":"Shading Mode"},"sceneLighting":false,"audioPlay":false,"sceneViewState":{"showFog":true,"showMaterialUpdate":false,"showSkybox":false,"showFlares":true,"showImageEffects":true,"showParticleSystems":true},"in2DMode":false,"pivot":{"x":2.2333338260650636,"y":3.2921652793884279,"z":4.009726047515869},"rotation":{"x":0.03358336538076401,"y":-0.9098365902900696,"z":0.07505340874195099,"w":0.4069754183292389},"size":4.66556978225708,"orthographic":false}