{"cameraMode":{"drawMode":0,"name":"Shaded","section":"Shading Mode"},"sceneLighting":false,"audioPlay":false,"sceneViewState":{"showFog":true,"showMaterialUpdate":false,"showSkybox":false,"showFlares":true,"showImageEffects":true,"showParticleSystems":true},"in2DMode":false,"pivot":{"x":0.6373204588890076,"y":-5.776525020599365,"z":23.788738250732423},"rotation":{"x":0.1809963434934616,"y":0.4425199329853058,"z":-0.09169069677591324,"w":0.8735333681106567},"size":31.341144561767579,"orthographic":false}