{"cameraMode":{"drawMode":0,"name":"Shaded","section":"Shading Mode"},"sceneLighting":false,"audioPlay":false,"sceneViewState":{"showFog":true,"showMaterialUpdate":false,"showSkybox":false,"showFlares":true,"showImageEffects":true,"showParticleSystems":true},"in2DMode":false,"pivot":{"x":1.9136444330215455,"y":0.2366528958082199,"z":-6.043913841247559},"rotation":{"x":-0.06269796192646027,"y":0.7513549327850342,"z":-0.06835170835256577,"w":-0.6541398763656616},"size":2.8578836917877199,"orthographic":false}