{"cameraMode":{"drawMode":0,"name":"Shaded","section":"Shading Mode"},"sceneLighting":false,"audioPlay":false,"sceneViewState":{"showFog":true,"showMaterialUpdate":false,"showSkybox":false,"showFlares":true,"showImageEffects":true,"showParticleSystems":true},"in2DMode":false,"pivot":{"x":19.479694366455079,"y":9.589059829711914,"z":28.80329132080078},"rotation":{"x":-0.14309212565422059,"y":0.7546759247779846,"z":-0.1710943579673767,"w":-0.6178592443466187},"size":2.8578836917877199,"orthographic":false}